No,Provert
1,က ချင်လျက် လက်ကျိုး
2,ကတွတ်ပေါက် ဗျိုင်းစောင့်
3,က ရိုး မက ဆန်း၍က နှပ်ပစ်ခံရ
4,ကလိမ်စေ့ ငြမ်းဆင်
5,ကုသိုလ်တစ်ပဲ ငရဲတစ်ပိဿာ
6,ကုသိုလ်ဖန် ဗိမာန်အသင့် ဘုံအသင့်
7,ကုသိုလ်လည်း ရ ဝမ်းလည်း ဝ
8,ကံကောင်းတဲ့ကျား သွားရင်း သမင်တွေ့
9,ကံဆိုးမသွားလေရာ မိုးလိုက်လို့ရွာ
10,ကံမခိုင် သံတိုင်အိမ်ဆောက်သော်လည်း ကံမှောက်လျှင်ကျိုး
11,ကံမရှိ ဉာဏ်ရှိတိုင်းမွဲ
12,ကံယုံ၍ ဆူးပုံမနင်းရာ
13,ကံယုံ မီးပုံမဆင်းရာ
14,ကောက်ညှင်းက မစေး ဆန်ကြမ်းက စေး
15,ကောက်တိုင်းရ စလုတ်မဆံ့နိုင်
16,ကောက်သော် မစားလောက် ဖြောင့်သော် စားမနိုင်
17,ကောက်သင်းကောက်က အနှံကြီးကြိုက်
18,ကင်းခြေများ ခြေတစ်ချောင်းကျိုး၍ အသွားမပျက်
19,ကောင်းကင်တက် လက်ဝှေ့သတ်
20,ကောင်းမှန်းသိ သာအိတစိုစို
21,ကိုင်းကျွန်းမှီ ကျွန်းကိုင်းမှီ
22,ကတ်မည့်ကတ် အပ် ဦးပဲ့ထမ်း
23,ကုန်းပေါ်ရောက်မှ ရေမမွန်းစေနှင့်
24,ကမ္ဘာမီးလောင် သားကောင်ချနင်း
25,ကိုယ်ကကျူး ကိုယ့်ဒူးမယုံ
26,ကိုယ်ကောင်း ခေါင်းဘယ်မရွေ့
27,ကိုယ်တင်သည့်စစ်ကဲ ကိုယ်ချ၍မရ
28,ကိုယ်ထင် ခုတင်ရွှေနန်း
29,ကိုယ်မချိ အမိသော်လည်း သားတော်ခဲ
30,ကိုယ့်ကို ကိုယ်ဖော် မသူတော် ခုနစ်ပါး
31,ကိုယ့်ငါးချဉ် ကိုယ်ချဉ်
32,ကိုယ့်တပ် ကိုယ် ပြန်နင်း
33,ကိုယ့်ထမင်းကိုယ်စား ကြီးတော်နွား အလကားကျောင်း
34,ကိုယ့်ပေါင် ကိုယ်လှန်ထောင်း
35,ကိုယ့်မျက်ချေး ကိုယ်မမြင်၊ သူများမျက်ချေး ကိုယ်မြင်
36,ကိုယ့်မြင်း ကိုယ်စိုင်း စစ်ကိုင်းရောက်ရောက်
37,ကိုယ့်ရှူး ကိုယ်ပတ်
38,ကိုယ့်လက်ခုပ်တွင်းကရေ သွန်လိုသွန် မှောက်လိုမှောက်
39,ကိုယ့်လှေ ကိုယ်ထိုး ပဲခူးရောက်ရောက်
40,ကိုယ့်ဝန် ကိုယ်ထမ်း၊ ကိုယ့်လမ်း ကိုယ်သွား
41,ကိုယ့်ဝမ်းနာ ကိုယ်သာသိ
42,ကိုယ့်အတတ် ကိုယ်စူး
43,ကိုယ့်အထုပ် ကိုယ်ဖြေပြ
44,ကျားကိုက်ပါတယ်ဆို နာတာရှည်လားမေး
45,ကျားကျား မီးယပ်
46,ကျားကြီး ခြေရာကြီး
47,ကျားကြောက်လို့ ရှင်ကြီးကိုး၊ ရှင်ကြီး ကျားထက်ဆိုး
48,ကျားချင်းကိုက်ရာ သမင်ကူမှားသည်
49,ကျားချင်းကိုက်ရာ သမင်လမ်းကူးမှား
50,ကျားရဲရာ ကြမ္မာမယိုးသာ
51,ကျားရဲလည်း သေ၊ တောလည်း ကျေ
52,ကျားရဲလည်း သေ၊ တောလည်း ကြေ
53,ကျားရှေ့ မှောက်လျက် လဲ
54,ကျားလိုက်မှ တုတ်ခုတ်
55,ကျားလည်း ကြောက်ရ၊ ကျားချေးလည်း ကြောက်ရ
56,ကျားသနားမှ နွားချမ်းသာ
57,ကျားသေကို အသက်သွင်းလို့ စင်းစင်း သေရ
58,ကျားသေမှ လူစွမ်းကောင်းပေါ်
59,ကျီးကန်း သူကောင်းမြှောက် ချေးခြောက် ကောက်စား
60,ကျီးတစ်ကောင်အတွက် ကျီးအများပျက်
61,ကျီး ဘုတ်ရိုသေ၊ ဘုတ် ကျီးရိုသေ
62,ကျူပင်ခုတ် ကျူငုတ်မကျန်
63,ကျောက သားလည်း သား၊ ရင်က သားလည်း သား
64,ကျောချမှ ဓားပြမှန်းသိ
65,ကျောပူမှ ဝမ်းအေး
66,ကျော်တော့ လှေသူကြီး၊ ညားတော့ လှေထိုးသား
67,ကျောက်ကြီး ငါးခို၊ မီးကြီး ငြမ်းခို
68,ကျည်ပွေ့ အတက်ပေါက်
69,ကြာကြာ ဝါးမည့်သွား အရိုး ကြည့်ရှောင်
70,ကြာကြာ ဝါးမှ ခါးမှန်းသိ
71,ကြိုးကြာဆို ဘာငှက်လဲမေး
72,ကြိုးချင်းထား ကြိုးချင်းငြိ၊ အိုးချင်းထား အိုးချင်းထိ
73,ကြက်က စပါးစား၊ ထရံက ဒဏ်သင့်
74,ကြက်ကောင်း ကြိုးမကွာ
75,ကြက်ကန်း ဆန်အိုးတိုး
76,ကြက်တူရွေးက တော်တော် မယ်ဘော်က ကဲ
77,ကြက်မတွန်လို့ မိုးမလင်း
78,ကြက်ဥပြုတ် သံတုတ်နှင့်ချ
79,ကြောက်ပါတယ်ဆို ကြောင်နှင့်တို့
80,ကြောက်လျှင် လာဘ်လွဲ၊ ရဲလျှင် မင်းဖြစ်
81,ကြောင်ခံတွင်းပျက်နှင့် ဆက်ရက်တောင်ပံကျိုး
82,ကြောင်တစ်သက် ကြက်တစ်မြုံ
83,ကြောင်မရှိ ကြွက်ထ
84,ကြောင်ရုပ်ဖြစ်စေ ကြွက်သေတာလိုရင်း
85,ကြောင်သူတော်ဆို ယိုတော့ ကြွက်မွေး
86,ကြောင်အို ကြွက် မလေး
87,ကြပ်ပူထိုးလေ ရောင်လေ
88,ကြမ္မာဆောင် သားကောင် ဆိတ်ဖြစ်
89,ကွန်လက်လေးသစ်နှင့် ငါးစင်းအုပ်၍ မမိနိုင်၊ ကွန်လက်သည်းကွင်းနှင့် ငါးကြီးပစ်၍ မရနိုင်
90,ကွမ်းသီးကြိုက် တောင်ငူပို့
91,ကျွဲကူး ရေပါ
92,ကျွဲနှစ်ကောင်ခတ်တဲ့ကြား မြေစာပင် မခံနိုင်
93,ကျွဲပါး စောင်းတီး
94,ကျွန်ယုံ တစ်ဖက်ကန်း၊ သားသမီးယုံ စုံလုံးကန်း
95,ကျွန်ဝယ်ရာ အဆစ်ပါ
96,ကျွန်းကိုင်းမှီ ကိုင်းကျွန်းမှီ
97,ကြွေတစ်လက်၊ ကြက်တစ်ခုန်
98,ကြွက်နားရွက် ဝက်တပ်
99,ကြွက်မနိုင် ကျီမီးရှို့
100,ကြွက်သေတစ်ခု အရင်းပြု
101,ခရီးတွင်လို့ ရွာစဉ်မသိ
102,ခရု ခါးတောင်းကျိုုက်ဖမ်း
103,ခရမ်းသီးပိန် ဓားတုံး
104,ခလုတ်ထိမှ အမိတ
105,ခါချဉ်ကောင် မာန်ကြီးလို့ တောင်ကြီးဖြိုမည့်ကြံ ခါးကမသန်
106,ခုမှ ပေါ်တဲ့ ရွှေကြာပင်
107,ခုရေတွင်းတူး၊ ခုရေကြည်သောက်ချင်
108,ခဲမှန်ဖူးတဲ့ စာသငယ်
109,ခဲလေသမျှ သဲရေကျ
110,ခံဆူး ခံချွန်၊ ဆီးဆူး ဆီးချွန်
111,ခိုးတတ်မှ ယိုးတတ်သည်
112,ခင်ကြီးလက်ရန်းတက်က ကျပ်ခိုးစင်ပေါ် မောင်ရှင်မတက်လား
113,ခေါင်က မိုးမလုံလျှင် တံစက်မြိတ်လည်း မလုံနိုင်
114,ခေါင်းတစ်လုံးနှင့် ရေအိုးနှစ်လုံး မရွက်နိုင်
115,ခေါင်းတုံးပေါ် ထိပ်ကွက်
116,ခေါင်းသွား အမြီးပါ
117,ခတ်ကွင်း ပြင်တာနှင့် ရွာသစ်ကြီးရောက်
118,ခုတ်ရာတခြား၊ ရှရာတခြား
119,ချေအီး ချေလန့်
120,ချေးယိုခါနီးမှ ချေးခံတွင်းပေါက်ရှာ
121,ချော်လဲ ရောထိုင်
122,ချက်ဆို နားခွက်က မီးတောက်
123,ချောင်းကို ပစ်၍ မြစ်ကို ရှာ၊ ရေသာ များ၍ ငါးမတွေ့
124,ချောင်းရေလာ သဲကန်သင်းနှင့်ဆီး
125,ချဉ်သီးပင်အောက် ချဉ်သီးရှား
126,ချည်ပုဆိုးက ပိုးပေါင်ချင်
127,ချည်ပြာထဘီနှင့် ဝတိ ံလှမ်း
128,ချိတ်ချိတ်ချင်းမှ ချိတ်လို့ရ
129,ချိန်တော့ မိုး၊ ထိုးတော့ မြေကြီး
130,ခြံဝင် နွားပါ
131,ခြင်္သေ့မင်းရှေ့ ယုန်သငယ် မသန်းဝံ့
132,ခြင်းကြားနှင့် ရေသယ်
133,ခြိမ်းလွန်းသည့်မိုး မရွာ
134,ခွေးကလေးအရောဝင် ပါးလျက်နားလျက်
135,ခွေးကျိုးနဲ့ ယုန်လိုက်
136,ခွေးကြီးမှ လက်ပေးသင်
137,ခွေးတောက်မြစ်ယှက်၊ စိုက်ရောဖက်က၊ သရက်ပင်မင်း၊ သီးချိုကင်း၏
138,ခွေးဖြူ တော မတိုးဝံ့
139,ခွေး ဖြူတော မတိုးဝံ့
140,ခွေးမြီးကောက် ကျည်တောက်စွပ်
141,ခွေးရူး ကောင်းစား တစ်မွန်းတည့်
142,ခွေးရူးဖက်ကိုက် ခွေးကောင်းနားရွက်ပြတ်
143,ခွေးလှေးခုန်၍ ဖုန်မထ
144,ခွေးဟောင်တိုင်း ထကြည့် အိပ်ရေးပျက်
145,ခွေးဟောင်၍ တောင်ပို့ မပြေး
146,ခွေးအိုမှ လက်ပေးသင်
147,ဂဠုန်ပြည် ဂဠုန်၊ နဂါးပြည် နဂါး
148,ဂါထာပေး တေးဖြစ်
149,ငကန်းသေ ငစွေ ပေါ်လိမ့်မည်
150,ငရဲက လာသူ ပြာပူ မကြောက်
151,ငရဲခွေးကို ရဲဆေးတင်ဖို့ မလို
152,ငရဲပန်းကို ရွှေပန်းထင်
153,ငရဲရောက်မှ ကျောင်းဆောက်ချင်
154,ငရုတ်သီးနှင့် ပေါင်းမှ ကြက်သွန် အထောင်းခံရ
155,ငရုတ်သီးပိုး အစပ်မကြောက်
156,ငါမွေးသည့် မျောက် ငါ့ကို ခြောက်
157,ငါ့စကား နွားရ
158,ငါ့သမီး တော်လှဆို ယောက်မ မြင်းစီးထွက်
159,ငါးကြော်မကြိုက် ကြောင်မိုက်
160,ငါးကြင်းဆီနှင့် ငါးကြင်းကြော်
161,ငါးခုံးမတစ်ကောင်ကြောင့် တစ်လှေလုံးပုပ်
162,ငါးစာသာ မြင်၊ ငါးမျှားချိတ် မမြင်
163,ငါးစိမ်း မြင် ငါးကင် ပစ်
164,ငါးတကာ ယိုသည့်ချေး ပုစွန်ဆိတ်ခေါင်းမှာစု
165,ငါးတု ခရုပွက် အိုင်ပျက်
166,ငါးပိနှင့် လောက်၊ ရွှေနှင့် ကျောက်
167,ငါးပိဖုတ် မျက်နှာသာပေး ရွှေရေးပန်းကန်တက်
168,ငါးပွက်ရာ ငါးစာ ချ
169,ငါးမရ ရေချိုးပြန်
170,ငါးရံ့ရ အတူတူ၊ ငါးခူရ ခွဲခြမ်းခွဲခြမ်း
171,ငါးရိုးမျက် လက်တို
172,ငါးလွန်မှ ကွန်စွန့်
173,ငါးသိုင်းများ ဟင်းဟုံ
174,ငိုချင်လျက် လက်တို့
175,ငိုတတ်သည့်ကလေး နို့စို့ရ
176,ငုပ်မိသဲတိုင် တက်နိုင်ဖျားရောက်
177,ငုံးဆူ လူမသိ
178,ငွေတစ်ပဲနှင့် ငါးကြင်းခေါင်း ကိုင်
179,ငှက်တစ်ကောင် မြားတစ်စင်း
180,ငှက်ပျောပင်စိုက် မိလိုက်ဘပါ
181,ငှက်မသိတော့ ဆက်ရက် ချိုးထင်
182,စာဥဒေါင်းအုပ်၊ ဒေါင်းဥစာအုပ်
183,စားရကံကြုံလို့ မုတ်ဆိတ်ပျားစွဲ
184,စားရမှာလည်း သဲနှင့်ရှပ်ရှပ်၊ ပစ်ရမှာလည်း အဆီနှင့်ဝင်းဝင်း
185,စီးတဲ့ရေ ဆည်တဲ့ကန်သင်း
186,စူဠလိပ် ရေထဲလွှတ်
187,စူးနေရာစူး၊ ဆောက်နေရာဆောက်
188,စိုသောလက် မခြောက်စေနှင့်
189,စိုင်ကော်လို့ ချုံပေါ်ရောက်
190,စစ်မရောက်မီ မြားကုန်
191,စစ်ရောက်မှ မြားချွန်
192,စိန်ကောင်း ကျောက်ကောင်း ရောင်းဝယ်ရာ ဆေးရိုးသည်က ကန့်လန့်ကန့်လန့်
193,စိန္တေသိကိုမှ မကြံနိုင်ခင် ပုစ္ဆေသိ မေးပြန်သည်
194,စိန်နားကပ်ရောင်ကြောင့် ပါးပြောင်
195,ဆရာကာပြန် အာခေါင်လှံစူး
196,ဆရာမပြ နည်းမကျ
197,ဆရာများ သားသေ
198,ဆရာမှန် အလံမစိုက်နှင့်
199,ဆူးပေါ်ဖက်ကျ ဖက်ပေါက်၊ ဖက်ပေါ်ဆူးကျ ဖက်ပေါက်
200,ဆေးစက်ကျရာ အရုပ်ထင်
201,ဆေးသမားမထောင်းတာ၊ လူနာမခံချိ
202,ဆဲသည်နှင့် ဆန်ချေးနှင့် အဆမတန်
203,ဆံထုံးထုံး ဆီစိုက်
204,ဆောက်ဖြစ်မှ ကျောင်းဒကာ
205,ဆင်ကောင်ကြီးတွေ့မှ ဆင်ခြေရာရှာရန်မလို
206,ဆင်ကန်းတောတိုး
207,ဆင်ကျီစားရာ ဆိတ်မခံသာ
208,ဆင်ခေါင်း ခွေးမချီနိုင်
209,ဆင်ချည်သောကြိုး ကြက်ချည်သော်မမြဲ၊ ကြက်ချည်သောကြိုး ဆင်ချည်သော်မခိုင်
210,ဆင်စွယ်မှန် ပိုးမစား
211,ဆင်ပေါက် ကောက်လှိုင်းခိုး
212,ဆင်ပိန် ကျွဲလောက်
213,ဆင်ပြောင်ကြီး အမြီးကျမှတစ်
214,ဆင်ဖိုးထက် ချွန်းဖိုးကြီး
215,ဆင်ဖြူတော်မှီ ကြံစုပ်
216,ဆင်ဖြူတော်ဝင်မှာ ချည်တစ်ခင်နှင့် ကျိန်းကျေ
217,ဆင်ဖြူတော်ဝင်မှာ ချည်တစ်ဝင်နှင့် ကျိန်းကျေ
218,ဆင်ဖြူမျက်နှာ ဆင်မည်းမကြည့်ဝံ့
219,ဆင်မတတ်နိုင်၊ ကြွက်တတ်နိုင်၏
220,ဆင်လိုက်မှ သစ်ပင်ရှာ
221,ဆင်လိုက်ရာ ဝါကြီး ဝါငယ်ရွေး
222,ဆင်လည်း ဆင့်အထွာနှင့် ၊ ပုရွက်ဆိတ်လည်း ပုရွက်ဆိတ်အထွာနှင့်
223,ဆင်ဝန်ကတော် အကြောင့်ကြ
224,ဆင်သေကို ဆိတ်ရေနှင့်ဖုံး
225,ဆင်သတ် အရပ်ဝေ
226,ဆင်သွားလျှင် လမ်းဖြစ်
227,ဆင်အိပ်ရာ ဆိတ်နှိုး
228,ဆင့်နားရွက် ကြွက်တပ်
229,ဆင့်ပါးစပ် နှမ်းပက်
230,ဆိတ်ဆိတ်နေ ထောင်တန်
231,ဆန်ခိုးမမိ ဖွဲခိုးမိ
232,ဆန်စဉ်ရာ ကျည်ပွေ့မလိုက်နိုင်
233,ဆန်ပေးမှ ဆေးရ
234,ဆန်မရှိ အစားကြီး
235,ဆန်ရင်း နာနာဖွပ်
236,ဆပ်ပြာကောင်းလို့ ခေါင်းပေါင်းဖြူ
237,ဆုံမတတ်ဘဲ နှမ်းဖတ်ကြိုက်
238,ဆယ့်နှစ်မှုပေါ်မှာ ရေကြည်တော်ထပ်
239,ဆွမ်းခူး မျက်နှာမရ၊ ဆွမ်းလောင်း မျက်နှာမရ
240,ဆွမ်းခံရင်း ငှက်သင့်
241,ဆွမ်းဆန်ထဲ ကြွက်ချေးရော
242,ဆွမ်းတော်ထားလို့ ဝမ်းတော်မှ အနိုင်နိုင်
243,ဇိကုပ် နတ်ပြည်တင်
244,ဇိကုပ်လို့ နတ်ပြည်တင် မြင့်တယ်ထင်လို့ ခုန်ချ
245,ဇီးကွက်လောက်တော့ ငှက်တိုင်းလှ
246,ဇာတ်တူသားစား၍ ဟင်္သာကိုးသောင်းပျက်
247,ဈေးဖိုးတစ်ရာ၊ ဝမ်းစာအစိတ်
248,ဈေးမတတ် ရွာအနှုန်း၊ ဆံထုံးမတတ် ရွာဓလေ့
249,ညားတော့ ဈေးသည်၊ ရွယ်တော့ မဟာနွယ်
250,ညောင်မြစ်တူး ပုတ်သင်ဥပေါ်
251,ညောင်သီးလည်းစား၊ လေးသံလည်း နားထောင်
252,ညောင်ဦးကမ်းပါးပြို၊ စမ္ပာနဂိုရ်က နွားမပေါင်ကျိုး
253,ညှော်သာညှော် ငါးကြော် မစားရ
254,တပည့်မကောင်း ဆရာ့ခေါင်း
255,တပည့်ရှာ ဆရာတွေ့
256,တပည့်လိမ္မာ ဆရာအာပတ်လွတ်
257,တရုတ်ပြည် အပ်ရောင်းသွား
258,တလွဲ ဆံပင်ကောင်း
259,တောကြောင့် ကျားလုံ၊ ကျားကြောင့် တောလုံ
260,တောစကား တောပျောက်
261,တောဆင်အဝေး ခမည်းပေး
262,တောမီးလောင် တောကြောင်လက်ခမောင်းခတ်
263,တံခွန်မလွှား ရထားမတင့်
264,တံငါကို ပိုက်ထိုးသင်၊ မုဆိုးကို သားထိုးသင်
265,တံငါနားနီး တံငါ၊ မုဆိုးနားနီး မုဆိုး
266,တောက်မည့်မီးခဲ အရှိန်နှင့်ရဲရဲ
267,တိုက်ဖန်များ သစ်ငုတ်ပင် နဲ့သေး
268,တင်းလွန်းလျှင် ပြတ်၊ လျော့လွန်းလျှင် ပတ်
269,တောင်ကြီး ဖဝါးအောက်၊ လှိုင်းကြီး လှေအောက်
270,တောင်ငူကလည်း တောင်ငူ၊ မောင်းထောင်ကလည်း မောင်းထောင်
271,တောင်မင်း မြောက်မင်း မကယ်နိုင်
272,တောင်လဲရာ မြက်ပြတ်
273,တောင်ဝှေးလဲတော့ ဖိုးသူတော် ထူနိုင်သည်၊ ဖိုးသူတော်လဲတော့ တောင်ဝှေး မထူနိုင်
274,တိုင်း၍ရက်သည် ပက္ကလာ မိုးရွာသည်နှင့် အခန့်သင့်
275,တစ်ကောင်ရ ငါ့သမီးရှင်ထွေး
276,တစ်ကျောင်းတစ်ဂါထာ တစ်ရွာတစ်ပုဒ်ဆန်း
277,တစ်ခါလာ မဲပြာပုဆိုး
278,တစ်ခါသေဖူး ပျဉ်ဖိုးနားလည်
279,တစ်ချက်ခုတ် နှစ်ချက်ပြတ်
280,တစ်ဆိတ် တစ်အိတ်လုပ်
281,တစ်တိတစ်တိနှင့် ငါးပိကျီးချီ
282,တစ်တောစောင့်သည် ခြေတိုင်ကုပ်ကား၊ တစ်အိုင်စောင့်သည် ငါးရံ့တင်ပြောက်
283,တစ်တော တစ်ဖတွန်
284,တစ်တက်စားလည်း ကြက်သွန်၊ နှစ်တက်စားလည်း ကြက်သွန်
285,တစ်ထွာပြ တစ်လံမြင်
286,တစ်နေ့တစ်လံ ပုဂံဘယ်ရွေ့မလဲ
287,တစ်နေ့ရွှေ တစ်နေ့ငွေ
288,တစ်နေ့လုံး ကတော်ပေမဲ့ ဥတော့တစ်လုံး
289,တစ်နွယ်ငင် တစ်စင်ပါ
290,တစ်ပင်လဲမူ တစ်ပင်ထူ
291,တစ်မိုးလုံး ဖျောက်ဆိပ်
292,တစ်မင်းပြောင်းမှ တစ်မင်းအကြောင်းသိ
293,တစ်ယောက်မတန်ကြောင့် တစ်အိုးတန် ပျက်
294,တစ်ယောက်အားနှင့် ယူသော် မရ၊ တစ်သောင်းအားနှင့် ယူသော် ရ၏
295,တစ်ရွာ တစ်ကျီဆောက်
296,တစ်ရွာပြောင်းမှ သူကောင်းကျွန်စော်နံ
297,တစ်ရွာမပြောင်း သူကောင်း မဖြစ်
298,တစ်လင်နေ ပွေးနှင့်၊ တစ်လင်နေ ကြွေးနှင့်
299,တစ်လုတ်ကျွေးဖူး သူ့ကျေးဇူး
300,တစ်လုတ်စားဖူး သူ့ကျေးဇူး
301,တစ်လှေတည်းစီး၊ တစ်ခရီးတည်းသွား
302,တစ်သက်လုံးစားသမျှ သံပရာတစ်ခြမ်းနှင့်ချေ
303,တစ်သက်လုံးဖုံးသမျှ ကုန်းခါမှပေါ်
304,တည်မိတဲ့ဘုရား လင်းတပင် နားနား
305,တိတ်တိတ်နေ ထောင်တန်
306,တုတ်က မမှန်၊ ကြက်က မှန်
307,တန်ဆေး လွန်ဘေး
308,တန်ဖိုးထက် လက်ခကြီး
309,တပ်ပျက် ဗိုလ်ခန့်
310,ထမင်းကြမ်းက အငွေ့ထွက်ချင်
311,ထမင်းတစ်လုတ် တုတ်တစ်ချက်
312,ထမင်းရည်ပူ လာ လျှာလွှဲ
313,ထုလေမာလေ ငါးဖယ်တေ
314,ထောပတ်ကောင်း စလောင်းနှင့်တည်
315,ထိုးမည့်ဆင် တစ်လှမ်းဆုတ်
316,ထင်ပေါ်လျှင် စင်တော်ကကောက်
317,ထင်းခွေမကြုံ ရေခပ်ကြုံ
318,ထောင်မြင် ရာစွန့်
319,ထိုင်နေ အကောင်းသား၊ ထသွားမှ ကျိုးမှန်းသိ
320,ထန်းပလပ် နတ်ရုပ်ထင်
321,ထန်းရည်မူး ကျွဲခိုးပေါ်
322,ထန်းလျက်ဝယ်ရာ တည်သီးကန့်လန့်ကန့်လန့်
323,ထန်းသမားအဖို့ ထန်းနို့က ထွက်
324,ထန်းသီးကြွေခိုက် ကျီးနင်းခိုက်
325,ထန်းသီးကြွေခိုက် ကျီးပျံခိုက်
326,ထမ်းပိုးထက် လက်ခကြီး
327,ထွေးပြီးသားတံတွေး ပြန်မျိုရိုးမရှိ
328,ထွက်ပြီးသော ဆင်စွယ် ဝင်တယ်လို့မရှိ
329,ဒီပုတ်ထဲက ဒီပဲ
330,ဒီယုန်မြင်လို့ ဒီချုံထွင်
331,ဒူးနေရာဒူး တော်နေရာတော်
332,ဒူးလောက်တင်မှ ရင်လောက်ကျ
333,ဒေါင်းတုလို့ စာသငယ်လှမ်း
334,ဓားခုတ်ရာ လက်လျှို
335,ဓား မထက် ဓားသွေးကျောက် အပြစ်တင်
336,ဓားမ ထက် လက်ခကြီး
337,ဓာတ်တော်မှတ်လို့ ကိုးကွယ်ပါ၊ ကလပ်ပေါ်ရောက်မှ ကလိမ်စေ့မှန်းသိ
338,ဓာတ်မသိ ဟတ္ထိ ယုန်ထင်
339,နဂါးတို့မျက်စောင်း အကြောင်းမရွေး
340,နဂါးပြည် နဂါး၊ ဂဠုန်ပြည် ဂဠုန်
341,နဂါးမှန်းသိအောင် အမောက်ထောင်ပြ
342,နဂိုရှိမှ နဂိုင်းထွက်
343,နငယ် အမြီးတပ်
344,နီးရာဓား ကြောက်ရ
345,နူရာ ဝဲစွဲ၊ လဲရာ သူခိုးထောင်း
346,နေတော့ ပျဉ်ထောင်၊ စားတော့ ချဉ်ပေါင်
347,နေနှင့်လ၊ ရွှေနှင့်မြ
348,နေပူတုန်း စပါးလှန်း
349,နေမြင့်လေ အရူးရင့်လေ
350,နေဝင်မှ စပါးလှန်း
351,နေသေးသပ ချုံထဲက၊ ချိုသွေးသပ တမြမြ
352,နောက်ကျ နွားချေးနှင့်သလဲ
353,နောက်မှကင် အလျင်ကျက်
354,နောက်မှလည်း မွေးသေး၊ မိဦးလည်း မှည့်သေး
355,နောက်လာတဲ့ မောင်ပုလဲ ဒိုင်းဝန်ထက်ကဲ
356,နောက်အိပ်က အလျင်ပျော်
357,နောင်ခါလာ နောင်ခါဈေး
358,နည်းနည်းနှင့် ကျဲကျဲဝိုင်း
359,နည်းရောင်းများရောင်း တောင်းပြည့်
360,နည်းအမျှ၊ များအဝ
361,နတ်ကရာ ကျီးမော
362,နတ်တို့ဖန် ရေကန်အသင့် ကြာအသင့်
363,နတ်သုဓာထဲ မစင်တစ်ပဲသားကျ
364,နွားကလေးနို့ နွားမကြီးစို့
365,နွားကြော့ဆိုလေ ချုံတိုးလေ
366,နွားကွဲ ကျားကိုက်
367,နွားခလောက်မြည်ပေမဲ့ နှမ်းမရ
368,နွားချေးပုံ ကြာပေါက်
369,နွားငတ် ရေကျ
370,နွားတစ်ဖက်ကောင်းသော်လည်း ချောင်းမတက်နိုင်
371,နွားထီးငါးကျပ်၊ နွားမငါးကျပ်
372,နွားပေါ့ အစွံထုတ်
373,နွားပိန်ထူ လူဝှေ့
374,နွားပိန် အသားထိုး ကြည့်
375,နွားပျိုသန်လှ နွားအိုပေါင်ကျိုး
376,နွားမ ရွှံ့ပိတ်ရောင်း
377,နွားရှေ့ ထွန်ကျူး
378,နွားသိုး ကြိုးပြတ်
379,နွားအို မြက်နုကြိုက်
380,နှာခေါင်း ကျည်ပွေ့တွေ့
381,နှံပြည်စုတ် အမြောက်နှင့် ချိန်
382,နှုတ်ခမ်းပဲ့ချင်း မီးမှုတ်
383,နှုတ်ခမ်းမွေးမနိုင်ဘဲ ပဲကြီးဟင်းသောက်ချင်
384,နှမ်းတစ်လုံးနှင့် ဆီမဖြစ်
385,ပဒိုင်းသီးလို ဆုပ်စူးစားရူး
386,ပါးကိုက် နားကိုက်
387,ပါးစပ်က ဘုရားဘုရား၊ လက်က ကားရားကားရား
388,ပါးစပ်ဟ အူမ မြင်
389,ပါးပုတ်၍ လက်ဝှက်သည်
390,ပါးပိန်ရာ နံ့သာ ဖို့မရ
391,ပုစွန်ဆိတ် ငယ်သော်လည်း ပင်လယ်ကူးနိုင်သည်
392,ပုဆိုးခြုံထဲက လက်သီးပြ
393,ပေ ကုန်၍ စာမကျ
394,ပေတစ်ပင်လုံး ဘုန်းကြီးယပ်တောင်
395,ပေ ဖြစ်လျှင်ခံ၊ တူဖြစ်လျှင်နှံ
396,ပေါ့စေလိုလို့ ကြောင်ရုပ်ထိုး၊ ဆေးအတွက်လေး
397,ပိုနေမြဲ ကျားနေမြဲ
398,ပို့မည့်ပို့ ကူးတို့ရောက်အောင်ပို့
399,ပိုးသာကုန် မောင်ပုံ စောင်းမတတ်
400,ပေါက်တဲ့နဖူး မထူး
401,ပင်လယ်ကို ယုန်ငယ် မထောက်နိုင်
402,ပင်လယ်ထဲ မိုးရွာ
403,ပစ်ရမှာလည်း အဆီနဲ့ ရဲရဲ၊ စားရမှာလည်း သဲနှင့်ရှပ်ရှပ်
404,ပတ္တမြားကောင်းလျက် အမျက်မလွတ်
405,ပတ္တမြားဆန်ကျိုး အဖိုးပြည်တန်
406,ပတ္တမြားတော်ဝင် ဂေါ်မစင်
407,ပတ္တမြားတစ်ခြည် ဆန်တစ်ပြည်
408,ပတ္တမြားမှန်လျှင် နွံမှာ နစ်သော်လည်း မညစ်
409,ပန်းကောင်း အညွန့်ချိုး
410,ပန်းထိမ် တတ်မတတ် ဂဟေစပ်သက်သေ
411,ပန်းထိမ်မတတ်ခင် ရွှေခိုးသင်
412,ပန်းပဲသမား ဓားကောင်းမကိုင်ရ
413,ပုံလုံ တစ်လှည့်၊ ငါးဖျံ တစ်လှည့်
414,ပလ္လင်ဆင်း ငွေချေ
415,ပျားတစ်စက်ကြောင့် ပြည်ပျက်
416,ပျားရည်နှင့် ဝမ်းချ
417,ပျားလည်း စွဲသာ၊ ရှဉ့်လည်း လျှောက်သာ
418,ပျံလေတဲ့ငှက်ခါး နားခါမှ သိစိမ့်
419,ပြဒါးတစ်လမ်း သံတစ်လမ်း
420,ပြင်လွန်း ဖင်ချွန်း
421,ပြည်ညင်းလျှင် မင်းမခံနိုင်
422,ပြည်ပန်းညို ချိုပါလျက် ဆားကမြက်
423,ပွဲပြီး မီးသေ
424,ပွဲမဝင်ခင် ပြင်က ကျင်းပ
425,ပွဲမင်းလည်း ငွေမှား၊ ဆေးသမားလည်း သားသေ
426,ပွဲလန့်တုန်း ဖျာခင်း
427,ဖားကိုလို ဖားပေါင်ဖြင့် မျှား
428,ဖားတုလို့ ခရုခုန်
429,ဖားတုလို့ ခရုခုန် အိုင်ပျက်ရုံ
430,ဖားနိုင် ဖားစား၊ ငါးနိုင် ငါးစား
431,ဖိုးသူတော်မျက်စိလည်လေ ဆန်ရလေ
432,ဖင်မနိုင်ဘဲ ပဲကြီးဟင်းသောက်
433,ဖောင်စီးရင်း ရေငတ်
434,ဖိတ်ချင်းဖိတ် ကိုယ့်အိတ်ထဲ ဖိတ်
435,ဖုတ်လေတဲ့ငါးပိ ရှိတယ်လို့ မအောက်မေ့
436,ဖြစ်မည့်ခွေး အမွေးတခြား
437,ဖွဲကို ထောင်းလို့ ဆန်ကောင်းမရ
438,ဖွတ်မရ ဓားမ ဆုံး
439,ဖွတ်မိကျောင်းဖြစ် မြစ်မချမ်းသာ
440,ဗောင်းတော်ညိတ် စိတ်တော်သိ
441,ဗိုင်းကောင်း ကျောက်ဖိ
442,ဗျိုင်းမှန်လျှင် ခြေစိမ်း
443,ဗြောသံကြားနှင့် တရားနာ
444,ဘကြီးလည်း မမီ၊ ထီးတင်ပွဲလည်း မတွေ့
445,ဘတော်ပျံလည်း မမီ၊ ထီးတင်ပွဲလည်း မတွေ့
446,ဘတစ်ပြန်၊ ကျားတစ်ပြန်
447,ဘီလူးစည်း၊ လူ့စည်း
448,ဘီလူး လူယောင်ဆောင် ခုနစ်ရက်
449,ဘုရားကားအောက်၊ မျောက်ကားအထက်
450,ဘုရားပြီး ငြမ်းဖျက်
451,ဘုရားဖြစ်မည့်ကြံ မာရ်နတ်က ကန့်လန့်
452,ဘုရားမှတ်လို့ ကိုးကွယ်ပါ၊ ဖွတ်ထွက်မှ တောင်ပို့မှန်းသိ
453,ဘုရားလည်းဖူး လိပ်ဥလည်းတူး
454,ဘုရားသော်မှ အမှီရှိမှ ပွင့်
455,ဘူးဆိုလျှင် ဖရုံမသီး
456,ဘူးတောင်းနစ် စောင်ခြမ်းပေါ်
457,ဘူးထဲက ရေပါ
458,ဘူးနားပင်း ရေသွင်း၍ မဝင်
459,ဘူးလေးရာ ဖရုံဆင့်
460,ဘူးသီးမှ အရီးတော်
461,ဘိန်းစားချင်းအတူတူ ပြောင်းတစ်လုံးပိုရှူ
462,ဘုန်းကြီး စာချ
463,ဘယ်ကျွဲစားစား ဗြဲမခေါင်း
464,ဘယ်သူသေသေ ငတေမာ ပြီးရော
465,မကတတ် ဖျာ အပြစ်တင်
466,မကို ခင်မှ ဥကို ခင်
467,မခေါ်ခင်က တော်ထူးချင်
468,မခေါ်လျှင် အထူးရသက်သာ
469,မချစ်သော်လည်း အောင့်ကာနမ်း
470,မစားရ တပူပူ၊ စားရ တဆူဆူ
471,မစားရလျှင် အလျှင်း၊ စားရလျှင် ဆီထမင်း
472,မစားရ ဝခမန်း
473,မစားရသည့်အမဲ သဲနှင့်ပက်
474,မစားရ အညှော်ခံ
475,မစားရက် လောက်တက်
476,မစွမ်းရင်းကလည်းရှိ ကန်စွန်းခင်းကလည်းငြိ
477,မဆွတ်ခင်က ညွတ်ချင်
478,မထိုင်ခင် ခြေဆင်း
479,မပူလိုလို့ ယောက်မရှာ
480,မပို့ဘဲနဲ့ မဲဇာရောက်
481,မပိုင်ဝက်မွေး
482,မပိုင်ဝက် မွေးဘက်ယူ
483,မပြေးသော် ကန်ရာရှိ
484,မပြည့်သည့်အိုး ဘောင်ဘင်ခတ်
485,မဖြစ်ဘဲနှင့် သာကဲခေါင်းတဝင့်ဝင့်
486,မမီတဲ့ပန်း တုံးခုလို့ လှမ်း
487,မမြင်ဖူး မူး မြစ်ထင်
488,မမှားသော ရှေ့နေ၊ မသေသော ဆေးသမား
489,မရ ရသက ချိုင်
490,မရဲဘဲနှင့် ကျွဲပြဲစီး
491,မရဲသော်လည်း ပြေးခဲစေ
492,မရောင်ရာ ဆီလူး
493,မရွယ်ဘဲ စော်ကဲ မင်းဖြစ်
494,မလို ကူးတို့ခ တောင်း
495,မလုံတဲ့အိုး တုတ်မိုးရုံနဲ့အာ
496,မလျော့မတင်း စောင်းကြိုးညင်း
497,မသာလက်ဖက်ထုပ်နှင့် မျက်နှာလုပ်
498,မသိခေါက်ရက် အဝင်နက်
499,မသိသူ ကျော်သွား၊ သိသူ ဖော်စား
500,မိကျောင်းမင်း ရေခင်းပြ
501,မီးကြီး ငြမ်းခို၊ ကျောက်ကြီး ငါးခို
502,မီးခဲ ပြာဖုံး
503,မီးစတစ်ဖက် ရေမှုတ်တစ်ဖက်
504,မီးစာကုန် ဆီခန်း
505,မီးမလောင်မီက တား
506,မီးများ မီးနိုင်၊ ရေများ ရေနိုင်
507,မီးလောင်ရာ လေပင့်
508,မီးဝေး ချိပ်မာ
509,မုဆိုး စိုင်သင်
510,မုဆိုးနားနီး မုဆိုး၊ တံငါနားနီး တံငါ
511,မုသားမပါ လင်္ကာမချော
512,မူးလျှိုး ပဲလျှိုး ငဖြိုး ကျွန်ဖြစ်
513,မဲနှင့် နီပါး အတူထား နီပါး မဲစော်နံ
514,မိုးကို လင့်၍ ပျိုးရင့်သည်
515,မိုးကြိုးပစ် ထန်းလက်ကာ
516,မိုးပြို အများနှင့်
517,မိုးမပြိုဘူး၊ ပြိုခဲ့သော်
518,မိုးရွာတုန်း ရေခံ
519,မိုးလွန်မှ ထွန်ချ
520,မိုးသောက်မှ ကြက်တင်၊ နေဝင်မှ စပါးလှန်း
521,မက်လုမက်လုနှင့် လင်း
522,မင်းဆရာပြော လောစရာမလို
523,မင်းတို့ထွက် ရက်ရာဇာ
524,မင်းဘဏ္ဍာ ကိုယ့်ဟာမှတ်လို့ တပြုံးပြုံး
525,မင်းလောင်းမှန် ရထားဆိုက်
526,မင်းသားကြီးမလုပ်ရလို့ ပတ်မကြီး ထိုးဖောက်
527,မင်းသားဖြစ်မှ သံဆန်းပေါ်သည်
528,မောင်မောင်ခေါ်လို့ ဗျာမထူး၊ အောင်ကျော်ခေါ်မှ ဗျာထူး
529,မောင်မောင်ဆိုလေ ထီးရိုးရှည်
530,မိန်းမကောင်းပန်းပန် တစ်ပွင့်တန်
531,မုန်ကို မဲပြု၊ မဲကို မုန်ပြု
532,မုန့်ဆီကြော် ဘယ်နေမှန်းမသိ၊ နှုတ်ခမ်းနာနှင့် တည့်ပါ့မလား
533,မုန့်ပေးသည့် ဘုန်းကြီး ကျမ်းတတ်သည်
534,မုန့်သည်မသား မုန့်နားစား
535,မျိုးစေ့မမှန် ပင်မသန်
536,မျက်စိကန်း တစ္ဆေ မကြောက်
537,မျက်စိအကျင့် ဝမ်းအချင့်
538,မျက်နှာကြီးရာ ဟင်းဖတ်ပါ
539,မျက်နှာမရ ခြေကျောက်ရ
540,မျက်နှာလွှဲ ခဲပစ်
541,မျက်နှာသာပေး ရွှေရေးပန်းကန်တက်
542,မျက်နှာသိ ငါးပိမဝယ်ရ
543,မျက်ဖြူဆိုက်လေ ဆရာကြိုက်လေ
544,မျောက်ပြ ဆန်တောင်း
545,မျောက်မြီးနှင့် မျောက်ချည်
546,မျောက်သားစားချင် မျောက်မျက်နှာကြည့်
547,မျောက်သားစားချင် မျောက်မျက်နှာမကြည့်နှင့်
548,မျောက်သစ်ကိုင်းလွတ်
549,မြေစမ်း ခရမ်းပျိုး
550,မြေနိမ့်ရာ လှံစိုက်
551,မြဲရာ သံပတ်၊ ကျပ်ရာ သပ်ပင်း
552,မြို့ဝန်မင်းစောင်မမှ ထောင်ကျ
553,မြက်မြက်ကလေးစားချင်လို့ ဆိုင်းထဲလိုက်၊ နှဲကြီးနင်းမိလို့ လျော်ရ
554,မြင်ဖန်များ ငယ်၊ နမ်းဖန်များ ပြယ်
555,မြင်ရုံသာမြင်ရ မကြင်ရ
556,မြင်းကမလှုပ်၊ ခုံက လှုပ်
557,မြင်းကောင်း ခွာလိပ်
558,မြင်းကောင်းပြေးရာ ခွာကျိုးကန့်လန့်
559,မြင်းစီးလို့မှ အထီးမှန်း အမမှန်း မသိ
560,မြင်းနောက်ပြန်စီး ထီးရှေ့ကကွယ်
561,မြစ်ကြီးတော့ ရေစီးသာသည်
562,မြစ်တစ်ဖက် ဝက်လက်ကင်
563,မွဲချင်တဲ့ခွေး ပြာပုံတိုး
564,မှန်ကင်းတစ်လှည့်၊ ထင်းတစ်လှည့်
565,မှန်းချက်နှင့် နှမ်းထွက်မကိုက်
566,မြွေပါလည်းဆုံး၊ သားလည်းဆုံး
567,မြွေပူရာ ကင်းမှောင့်
568,မြွေပွေး ခါးပိုက်ပိုက်
569,မြွေပွေး ပိုးထိ
570,မြွေမသေ၊ တုတ်မကျိုး
571,မြွေမှန်လျှင် တွင်းဝင်ဖြောင့်
572,မြွေမြွေချင်း ခြေမြင်
573,မွှေးလျှင်ပန်၊ နံလျှင်ပစ်
574,ယာဂုအိုးကွဲခါမှ ရွှေစည်းခုံလှူ
575,ယာရှင်ကို မျောက်မောင်း
576,ယာလည်းညက်၊ ကြက်လည်းပန်း
577,ယိုသူမရှက်၊ မြင်သူရှက်
578,ယောက္ခမ သေမှန်းသိ မြင်းဝယ်မစီးရလား
579,ယောက်ဖ၊ ယောက်ဖနှင့် ပတောက်နှိုက်
580,ယောက်မ ခါးထိုးရှာ
581,ယုန်က မတိုး၊ ပိုက်က တိုး
582,ယုန်ကျူးချည်၊ ခွေးကျူးချည်
583,ယုန် တောင်ပြေး၊ ခွေး မြောက်လိုက်
584,ယုန်ထောင်၊ ကြောင်မိ
585,ယုန်မရခင် သံပရာရှာ
586,ယုန်မရ တောကျေ
587,ယုန်မရ တောကြေ
588,ယုန်အကျိုး တောသိ၊ တောအကျိုး ယုန်သိ
589,ယုန်အတွက် ချုံက ကြောင့်ကြ
590,ရတနာရှိရာ ရတနာစု
591,ရလေလိုလေ အိုတစ္ဆေ
592,ရသာလျှင် ဘနဖူး သိုက်တူး
593,ရာဇဝတ်အိုး တုတ်နှင့်ထိုး
594,ရေငတ်တုန်း ရေတွင်းထဲကျ
595,ရေစီးတစ်ခါ၊ ရေသာတစ်လှည့်
596,ရေစုန် ရွက်တိုက်
597,ရေနက်ကလည်း နေရ၊ လင်းပက်လည်း စိုက်ရ
598,ရေနစ်သူ ဝါးကူလို့ထိုး
599,ရေ နိမ့်ရာစီး၊ မီး မြင့်ရာလောင်
600,ရေမနောက် ကြာမရှောက်
601,ရေများရာ မိုးရွာ
602,ရေများရေနိုင်၊ မီးများမီးနိုင်
603,ရေမြင့် ကြာမြင့်
604,ရော့ပတ္တမြား၊ ရော့နဂါး
605,ရောက်သမျှဘေးဒဏ် ပုဏ္ဏားခံ
606,ရောင်တော်ပြန်နှင့် ရောကျွတ်
607,ရောင်တော်ပြန်နှင့် ရောလွှတ်
608,ရွာနားကမြက် ရွာနွားမစား
609,ရွာဘုရား ရွာသားမရိုသေ
610,ရွာလွန် ရွက်တိုက်
611,ရွာသမုတ်လျှင် သစ်ငုတ်သော်မှ ကျားဖြစ်ရ
612,ရွာသားမင်းစေ ရွာနေမရှက်
613,ရှိသာခိုး အငြိုးနှင့်
614,ရှေ့ဆောင်နွားလား ကောက်ကောက်သွားက နောက်နွားတစ်သိုက် ကောက်ကောက်လိုက်၏
615,ရှေ့ဆောင်နွားလား ဖြောင့်ဖြောင့်သွားက နောက်နွားစဉ်စိုက် ဖြောင့်ဖြောင့်လိုက်၏
616,ရှေ့တိုး ထမ်းပိုး၊ နောက်ဆုတ် လှည်းထုပ်
617,ရှင်နည်းရာ အဂ္ဂ လူထွက်
618,ရှင်ပြုတုန်းက ရွှေထီးဆောင်း
619,ရှင်ဘုရင်တစ်ခါထွက် ပဲကြီးတစ်လှေချက်
620,ရှင်ဘုရင်အတွက် ငဝက်က ဒဏ်ခံ
621,ရှင်ဘုရင့်ပုဆိုး ပိုးချည်း
622,ရှင်မပြုခင်က လူထွက်ချင်
623,ရှဉ့်တစ်ကောင် မြားတစ်စင်း
624,ရှဉ့်လည်း လျှောက်သာ၊ ပျားလည်း စွဲသာ
625,ရွှေကျောင်းပြောင်ပြောင် ဝမ်းခေါင်ခေါင်
626,ရွှေတောင်မှာနား ရွှေကျီး
627,ရွှေပင်နား ရွှေကျေး
628,ရွှေမရှိတဲ့ဘုရား လူမရိုသေ
629,ရွှေရိုးလို့ မိုးကြိုးပန်
630,ရွှေသမင် ဘယ်ကထွက် မင်းကြီးတာက ထွ
631,လသာတုန်း ဗိုင်းငင်
632,လာလာချင်း ဆောက်နှင့်ထွင်း
633,လူချင်းတူသော်လည်း အသက်ရှူချင်းကွဲ
634,လူတန် ကံချ
635,လူတွင်ပါ၍ နွားကျားကိုက်
636,လူနာ မျက်ဖြူဆိုက်လေ ဆရာကြိုက်လေ
637,လူပါး ပုလင်းထိ
638,လူမစွမ်း နတ်မ
639,လူမတတ်ပေမဲ့ လက်ဖက်ထုပ်တတ်
640,လူမတန် ကံချ
641,လူမိုက် နတ်ပြည်တင် မြင့်တယ်ထင်လို့ ခုန်ချ
642,လူမင်းဘုန်းကြီး နတ်မင်းမနေနိုင်
643,လူများ၍ ပွဲမစည်
644,လူယုံသတ် သေတတ်
645,လေဆင်ကြည့် ရွက်တိုက်
646,လေဖမ်း ဒန်းစီး
647,လေဖမ်း ဝါးတန်းချည်
648,လက်ခုပ်တွင်းကရေ သွန်လိုသွန် မှောက်လိုမှောက်
649,လက်ညှိုးညွှန်ရာ ရေဖြစ်
650,လက်ညှိုးမကောင်း လက်ညှိုး၊ လက်မ မကောင်း လက်မ
651,လက်နှင့်ရေး ခြေနှင့်ဖျက်
652,လက်ဖက်ကောင်းစားချင် ပလောင်တောင်တက်နှေးစေ
653,လက်သင့်ရာ စားတော်ခေါ်
654,လက်သည်းဆိတ် လက်ထိပ်နာ
655,လင်လိုတုန်း နားပဲ့
656,လင်းတလောက်တော့ ငှက်တိုင်းလှ
657,လင်းနို့ခွန်တောင်း ကြွက်၊ ကြွက်ခွန်တောင်း လင်းနို့
658,လည်လွန်းသည့်ဘီး ချေးသင့်
659,လုပ်စားမိုးခေါင်၊ ခိုးစားခွေးဟောင်
660,လမ်းဆုံးလျှင် ရွာတွေ့
661,လုံ့လလည်းထူ မိုးလည်းကူ နွားချေးလည်းချ ကံလည်းမ
662,လယ်ထွန်သွား နွားမေ့
663,လွတ်တဲ့ငါး ကြီး
664,လှစေချင်လို့ သွားကြောင်တိုက် ရေစီးကမ်းပြိုလိုက်
665,လှေခွက်ချည်းကျန် အလံမလှဲ
666,လှေနံ ဓားထစ်
667,လှေနံ နှစ်ဖက်နင်း
668,လှေပြေးတုန်း တက်ကျိုး
669,လှေဦးခြောက် ခြောက်၊ လှေဦးစို စို
670,လှော်ကား ဝန်တင်
671,လှံဖျား ပုစဉ်းနား၊ ကျီးကန်း ချေးပါ
672,လှိုင်းကြီး လှေအောက်၊ တောင်ကြီး ဖဝါးအောက်
673,လှုပ်လေ မြုပ်လေ
674,လျှောမွေးနှင့် ဗာရာဏသီချဲ့
675,ဝမရှိဘဲ ဝိလုပ်
676,ဝါဂွမ်းတစ်လှည်း ဖုတ်၍ အကျွမ်းမရ
677,ဝါးဆွေးကို ချွန်၍ မထက်
678,ဝါးနားပင်း ရေသွင်း၍ မဝင်
679,ဝါးလုံးခေါင်းထဲ လသာ
680,ဝိနည်းတတ် ကြက်သတ်
681,ဝက်နားရွက် ကြွက်တပ်
682,ဝက်ဖြစ်မှတော့ မစင်မကြောက်
683,ဝင်ဝင်ချင်း ဆောက်နှင့်ထွင်း
684,ဝန်နှင့်အား မြားနှင့်လေး
685,ဝန်မတန်သည် စစ်ကဲ၊ ထမင်းမတန်သည် ထမနဲ
686,ဝှေ့တတ်သည့် နွားကို ရှောင်ပြန်၊ ကန်တတ်သည့် နွားနှင့် ညား
687,သခင်အားရ ကျွန်တန်ဝ
688,သခွားစား၍ ဖရုံပြသည်
689,သခွတ်ပင်က မီးတကျည်ကျည်
690,သခွတ်ပွင့် တစ်ပြည်ပြုတ်၍ တစ်ဆုပ်မရ
691,သတိမမူ ဂူမမြင်၊ သတိမူက မြူကိုမြင်
692,သမဏေန သမဏော၊ ဂေါဏေန ဂေါဏော
693,သမီးပေးမှ သမက်ရ
694,သမင်မွေးရင်း ကျားစားရင်း
695,သမုဒ္ဒရာရေ တစ်ယောက်တည်းသောက်၍ မကုန်
696,သာလကာတစ်လင်ပန်း၊ ပင်ပန်းကာတစ်ယောက်မ
697,သားကားအဖျား၊ မြေးကားအရင်း
698,သားတစ်သာ မြင်၊ ကျော့ကွင်း မမြင်
699,သားရေပေါ်အိပ်၊ သားရေနားစား
700,သား ရွှေအိုးထမ်း
701,သားသမီးမကောင်း မိဘခေါင်း
702,သိကြားမင်း ကျွဲယောင်ဆောင်၊ ချိုကား
703,သီတင်းကျွတ်မည့်အရေး တော်သလင်းကန့်လန့်
704,သီးချိန်တန်သီး၊ ပွင့်ချိန်တန်ပွင့်
705,သူကြီးဘုရား ရွာသားကောင်းမှု
706,သူခိုးက နွားကောင်းရွေး
707,သူခိုးက လူ လူ ဟစ်
708,သူခိုး တိုက်စိုးနှင်း
709,သူခိုး ဓားရိုးကမ်း
710,သူခိုးပြေးမှ ထိုးကွင်းထ
711,သူခိုးရှိရာ ဝန်ထုပ်ဝန်ပိုးနှင့်သွား
712,သူခိုးရွှေရ တပြပြ
713,သူခိုးလက်က သူဝှက်လု
714,သူခိုး သေဖော်ညှိ
715,သူဌေး ကြေးပံ့
716,သူတော်ချင်းချင်း သီတင်းလွေ့လွေ့ ပေါင်းဖက်တွေ့
717,သူတောင်းစားချင်း ခွက်စောင်းခုတ်
718,သူများနှာခေါင်းနှင့် အသက်ရှူ
719,သူများဗိုက်နှင့် ဓားထိုးခံ
720,သူများယောင်လို့ ယောင်၊ အမောင် တောင်မှန်း မြောက်မှန်း မသိ
721,သူ့ဆန်စား ရဲမှ
722,သေချင်တဲ့ကျား တောပြောင်း
723,သေ မြေကြီး၊ ရှင် ရွှေထီး
724,သဲထဲ ရေသွန်
725,သံကို ကြွက်စား သားကို စွန်ချီ
726,သံကို သံဖျက် သံချေးတက်
727,သံဃာအား ဘုရားမဆန်သာ
728,သံပရာသီးလို ကြီးလေ ချဉ်လေ
729,သစ်ငုတ်မြင့်တုံ၊ မြက်မြင့်တုံ
730,သစ်တစ်ပင်ကောင်း ငှက်တစ်သောင်းနားရ
731,သစ်နှစ်ပင်ကြား ဝါးပေါက်
732,သစ်မရခင်စပ်ကြား ဝါးပေါင်းကွတ်
733,သည်ပုတ်ထဲက သည်ပဲ
734,သည်ယုန်မြင်လို့ သည်ခြုံထွင်
735,သဒ္ဓါလို့ပေး သေဆေးသော်မှ အာစောက်ချ
736,သဒ္ဓါလွန်း ဆွမ်းတော်တော်ရပ်
737,သန်းခေါင်ထက် ညဉ့်မနက်
738,သုံးထမ်းပိုးကျမှ အရွသင်
739,သွားချေးထူရာတွင် ပိန်းဥစားပြန်သည်
740,ဟိုကွေ့ရောက် ဟိုတက်နှင့်လှော်၊ ဒီကွေ့ရောက် ဒီတက်နှင့်လှော်
741,ဟင်းချိုမမြည်းရခင် နှုတ်ခမ်းစွေ့နှင့်သည်
742,ဟင်းစားကြက် အတက်ကောင်းပေါက်
743,ဟင်းစားသာပေး၊ ကွန်ချက်မပြနှင့်
744,ဟင်းတစ်ခွက် တောင်ဘက်ကချို
745,ဟောင်လွန်းသည့်ခွေး လူမလေး
746,အကမတတ် ဖျာခေါင်းချ
747,အကန်းထဲမှာ မျက်ခမ်းက လူမော်
748,အကျိုးလိုလို့ ညောင်ရေလောင်း ပတ်ထမ်းတွေ့
749,အကြံကုန် ဂဠုန်ဆားချက်
750,အကြောင်းတော် တောင်ပေါ်ရေစီး
751,အကွပ်မရှိတဲ့ကြမ်း ပရမ်းပတာ
752,အခုစာကလေးကြော်၊ အခုဆီထမင်း
753,အခေါ်သာကွဲ၊ ထမနဲနှင့် ယာဂု အတူတူ
754,အခိုင်ကြီးလည်း အဖီးလှမှ တင့်တယ်သည်
755,အချိုရှာ သကာတွေ့
756,အချိန်တန်တော့ နွားပိန်ကန်လိမ့်
757,အငိုလွယ် အရှိုက်ခက်
758,အစာဝတော့ ဌာနပြန်
759,အစားမတော် တစ်လုတ်၊ အသွားမတော် တစ်လှမ်း
760,အဆိပ်ပင် ရေလောင်း
761,အညှီရှိ ယင်အုံ
762,အတောင့်မကြီး အသီးမမာ
763,အတတ်ကြူး ဘီလူးဖြစ်
764,အတွင်းထရံ အပြင်ကာ၊ အပြင်ထရံ အတွင်းကာ
765,အထိန်းမရှိသည့် ချည်ခင်
766,အနာတက် ဆေးချက်မရှိ
767,အနာပေါ် တုတ်ကျ
768,အနာမသိ ဆေးမရှိ
769,အနီးမွှေး အဝေးကြိုင်
770,အနူတော လူချော
771,အနေစုတ်ပေမဲ့ ရွှေထုပ်တဲ့ မြပဝါ
772,အနုပ်မက်၍ အခွက်ပျက်
773,အနှစ်မရှိသည့်တော ကြက်ဆူပင် မင်းမူ
774,အပေါ်ယံ ရွှေမှုန်ကြဲ၊ အထဲက နွားချေးခံ
775,အပြက်အပြက်နှင့် နှာခေါင်းသွေးထွက်
776,အပွေးမြင် အပင်သိ
777,အပွဲပွဲ နွှဲခဲ့သမျှ သည်ပွဲမှာမှ နှပ်ပစ်ခံရ
778,အဖထက် သားတစ်လကြီး
779,အဖျားတက် အမှည့် ရနိုးနိုး
780,အမာရွတ်မြင်တိုင်း မဟော်သတိရ
781,အမိမဲ့သား၊ ရေနည်းငါး
782,အမေကျော် ထွေးတော်လွမ်း
783,အမေ ပုတ်ထဲမှာ မအောင်းဘူး
784,အမေရိုက် အမေကယ်ပါ၊ အဖေရိုက် အဖေကယ်ပါ
785,အမေး ကျွဲကျောင်း၊ အဖြေ ဘုရားလောင်း
786,အမဲရိုးနှယ် ဟင်းအိုးမှ အားမနာ
787,အမောင်လည်းရောက်၊ ငါ့နွားပျောက်
788,အမယ်မှာ မှာသည့်အတိုင်း
789,အမယ်မှာသည့် ဆန်တစ်ခွဲ သုံးစိတ်နှင့်မလဲ
790,"အများညီ ""ဤ"" ကို ""ကျွဲ"" ဖတ်"
791,အများ မိုးခါးရေသောက် သောက်မှ
792,အမြီးကျက် အမြီးစား၊ ခေါင်းကျက် ခေါင်းစား
793,အမြီးစားဖက် ခေါင်းစားဖက်
794,အမြုတေရှိရာ အမြုတေစု
795,အမြင်မတော် ဆင်တော်နှင့် ခလောက်
796,အမှိုက်ကစ ပြာသာဒ်မီးလောင်
797,အမှည့်တဝင်းဝင်း အကင်းတဖြိုက်ဖြိုက်
798,အရူးက တစ်မူးသာ
799,အရူးဗုံမြှောက် ခြေထောက်လို့က
800,အရူး အမဲသားကျွေးမိ
801,အရူးအရူးနှင့် အိမ်ဦးချေးပါ
802,အရေးကောင်း ဒိန်းဒေါင်းဖျက်
803,အရိုးကို အရွက်မဖုံးစေနှင့်
804,အရက်ပြတ် ခွက်ကပ်နှင့်မူး
805,အရင်းစစ် အမြစ်မြေက
806,အရင်းမစိုက် လှေထိုးလိုက်
807,အရင်းလဲ အဖျား ထင်းဖြစ်
808,အရပ်ကောင်းမှ အလောင်းလှ
809,အရပ်ရှိမှ အရိပ်ထွက်
810,အရိပ်နေနေ အခက်ချိုးချိုး
811,အရိပ်ပြ အကောင်ထင်
812,အရိပ်မလာခင် နေပူကစောင့်
813,အရိပ်သုံးပါးနားမလည် ချေသငယ် ကျားစာဖြစ်ရ
814,အရှင်မွေး နေ့ချင်းကြီး
815,အရှင်သုံးတော့ ဓားမတုံး ထက်
816,အလကားရသည့်နွား သွားဖြဲကြည့်
817,အလာကောင်းသော်လည်း အခါနှောင်း
818,အလုပ်မရှိ ကြောင်ရေချိုး
819,အလျင်ဘုန်းကြီး တစ်ချက်ခေါက်၊ နောက်ဘုန်းကြီး နှစ်ချက်ခေါက်
820,အလျင်လို လမ်းအိုလိုက်
821,အလှူရှင်မှန်းသိအောင် မဏ္ဍပ်တိုင်တက်
822,အလှူ့လက်ဖက်နှင့် လက်ဆောင်တက်
823,အလှည့်ကျတော့ နွားမတောင်ရုန်းရ
824,အလှမ်းကျယ် အလယ်လပ်
825,အလျှောက်ကောင်း အထောင်းလွတ်
826,အဝေးဆယ်ရှဉ်း၊ အနီးတစ်ရှဉ်း
827,အဝတ်မရှိသူက လုံအောင်ထိုင်ပါပြော
828,အသားထဲက လောက်ထွက်
829,အသားလိုလို့ အရိုးတောင်း
830,အသီးတစ်ရာ အညှာတစ်ခု
831,အသံကြောင့် ဖားသေ
832,အသံသာရှိ အဆန်မရှိ
833,အသည်ဝန် ဘုန်းကြီးလို့ ပါနောက်က ခြေကြွ
834,အသွားတစ်တိုင်ရှိ၊ အပြန်တစ်တိုင်ရှိ
835,အသွားမတော် တစ်လှမ်း၊ အစားမတော် တစ်လုတ်
836,အသွေးမြင် အသွင်သိ
837,အသွင်မတူ အိမ်သူမဖြစ်
838,ဦးစပါး ပဲ့ပြောင်း၊ ပဲ့စပါး ဦးပြောင်း
839,ဦးနင်း ပဲ့ထောင်၊ ပဲ့နင်း ဦးထောင်
840,အိုးက မပူ၊ စလောင်းက ပူ
841,အိုးက မပူ၊ ဖုံးဖွက်ပူ
842,အိုးချင်းထား အိုးချင်းထိ၊ ကြိုးချင်းထား ကြိုးချင်းငြိ
843,အိုးတော်လုပ် ဖုတ်ရင်းက မကျက်
844,အိုးနှင့်ဆန် တန်ရုံ
845,အိုးမလုံ အုံပွင့်
846,အိုးရွဲ့ကို စလောင်းရွဲ့နှင့် ဖုံး
847,အိုးသည် အိုးကောင်းမသုံးရ
848,"""အင်း"" ကောင်း ""ဗျာ"" မတန်"
849,အိုင်တွေ့ ခြေဆေး
850,အိုင်တွေ့လို့မှ မလူး ကျွဲရူး
851,အိုင်သာလို့ ကြာပေါက်
852,ဥစ္စာရင်လို ဥစ္စာရင်ခဲ
853,အိတ်ပေါက်နှင့် ဖားကောက်
854,အုတ်မရှိလို့ မြို့မတည်၊ နှယ်နှယ်မှတ်သလား
855,အပ်နှင့်ထွင်ရမှာ ပုဆိန်နှင့်ပေါက်
856,အပ်ပျောက်လျှင် ဆင်စီး၍ရှာ၊ ဆင်ပျောက်လျှင် ဆန်ခါနှင့်ချ
857,အပ်ဝင် ပုဆိန်ထွက်
858,အပ်သွားရာ အပ်ချည်ပါ
859,အပ် ဦးပဲ့ထမ်း
860,အိပ်ချင်ယောင်ဆောင်သူ အနှိုးရခက်
861,အိမ်ကြက်ချင်း ခွပ်
862,အိမ်ကြက်ချင်း အိုးမဲသုတ်
863,အိမ်ခြေတစ်ရာ၊ ပြည်စိုး အစိတ်
864,အိမ်နီးချင်းကောင်းမှ လင်ကောင်းရသည်
865,အိမ်ရှေ့ကရေတွင်း အိမ်နောက်ဖေးရွှေ့
866,အိမ်ရှေ့ပူ အိမ်နောက်မချမ်းသာ
867,အိမ်လာ ယာဆုတ်
868,အိမ်သာလို့ ဧည့်လာ
869,အိမ်သူကို ဧည့်မောင်း
870,အိမ်အိုမှ စားဖိုထုတ်